<ImportExportXml version="9.2.23054.184" SolutionPackageVersion="9.2" languagecode="1033" generatedBy="CrmLive" xmlns:xsi="http://www.w3.org/2001/XMLSchema-instance">
  <SolutionManifest>
    <UniqueName>FormTemplateManagement</UniqueName>
    <LocalizedNames>
      <LocalizedName description="Form Template Management" languagecode="1033" />
    </LocalizedNames>
    <Descriptions />
    <Version>1.0.0.2</Version>
    <Managed>0</Managed>
    <Publisher>
      <UniqueName>betachsolutionsinc</UniqueName>
      <LocalizedNames>
        <LocalizedName description="Betach Solutions Inc." languagecode="1033" />
      </LocalizedNames>
      <Descriptions>
        <Description description="Betach is a management and information technology consulting company with a focus on Microsoft Online Services.&#xD;&#xA;Founded in 2003, Betach has a business history dating back to February 1998 and has evolved from a legacy systems service provider into a leading Microsoft Online Services implementer.  Betach’s primary service is to help customers successfully design, implement and support their move to the cloud with Microsoft's Online Services (Software + Services) offerings. These offerings from Microsoft include Microsoft Office 365, Microsoft Dynamics CRM 2011 Online, Windows Azure and Microsoft Windows Intune.&#xD;&#xA;&#xD;&#xA;Betach brings expertise in SharePoint and CRM and provides professional services for both Microsoft technologies regardless if they are installed on-premise or in an online, cloud-based environment." languagecode="1033" />
      </Descriptions>
      <EMailAddress>support@betach.com</EMailAddress>
      <SupportingWebsiteUrl>https://www.betach.com</SupportingWebsiteUrl>
      <CustomizationPrefix>bsi</CustomizationPrefix>
      <CustomizationOptionValuePrefix>86156</CustomizationOptionValuePrefix>
      <Addresses>
        <Address>
          <AddressNumber>1</AddressNumber>
          <AddressTypeCode>1</AddressTypeCode>
          <City>Calgary</City>
          <County xsi:nil="true"></County>
          <Country>Canada</Country>
          <Fax xsi:nil="true"></Fax>
          <FreightTermsCode xsi:nil="true"></FreightTermsCode>
          <ImportSequenceNumber xsi:nil="true"></ImportSequenceNumber>
          <Latitude xsi:nil="true"></Latitude>
          <Line1 xsi:nil="true"></Line1>
          <Line2 xsi:nil="true"></Line2>
          <Line3 xsi:nil="true"></Line3>
          <Longitude xsi:nil="true"></Longitude>
          <Name xsi:nil="true"></Name>
          <PostalCode xsi:nil="true"></PostalCode>
          <PostOfficeBox xsi:nil="true"></PostOfficeBox>
          <PrimaryContactName xsi:nil="true"></PrimaryContactName>
          <ShippingMethodCode>1</ShippingMethodCode>
          <StateOrProvince>Alberta</StateOrProvince>
          <Telephone1 xsi:nil="true"></Telephone1>
          <Telephone2 xsi:nil="true"></Telephone2>
          <Telephone3 xsi:nil="true"></Telephone3>
          <TimeZoneRuleVersionNumber xsi:nil="true"></TimeZoneRuleVersionNumber>
          <UPSZone xsi:nil="true"></UPSZone>
          <UTCOffset xsi:nil="true"></UTCOffset>
          <UTCConversionTimeZoneCode xsi:nil="true"></UTCConversionTimeZoneCode>
        </Address>
        <Address>
          <AddressNumber>2</AddressNumber>
          <AddressTypeCode>1</AddressTypeCode>
          <City xsi:nil="true"></City>
          <County xsi:nil="true"></County>
          <Country xsi:nil="true"></Country>
          <Fax xsi:nil="true"></Fax>
          <FreightTermsCode xsi:nil="true"></FreightTermsCode>
          <ImportSequenceNumber xsi:nil="true"></ImportSequenceNumber>
          <Latitude xsi:nil="true"></Latitude>
          <Line1 xsi:nil="true"></Line1>
          <Line2 xsi:nil="true"></Line2>
          <Line3 xsi:nil="true"></Line3>
          <Longitude xsi:nil="true"></Longitude>
          <Name xsi:nil="true"></Name>
          <PostalCode xsi:nil="true"></PostalCode>
          <PostOfficeBox xsi:nil="true"></PostOfficeBox>
          <PrimaryContactName xsi:nil="true"></PrimaryContactName>
          <ShippingMethodCode>1</ShippingMethodCode>
          <StateOrProvince xsi:nil="true"></StateOrProvince>
          <Telephone1 xsi:nil="true"></Telephone1>
          <Telephone2 xsi:nil="true"></Telephone2>
          <Telephone3 xsi:nil="true"></Telephone3>
          <TimeZoneRuleVersionNumber xsi:nil="true"></TimeZoneRuleVersionNumber>
          <UPSZone xsi:nil="true"></UPSZone>
          <UTCOffset xsi:nil="true"></UTCOffset>
          <UTCConversionTimeZoneCode xsi:nil="true"></UTCConversionTimeZoneCode>
        </Address>
      </Addresses>
    </Publisher>
    <RootComponents>
      <RootComponent type="29" id="{4a217307-b104-ee11-8f6e-000d3a09d9ea}" behavior="0" />
      <RootComponent type="29" id="{75e59b66-3239-ed11-9db0-002248d53d53}" behavior="0" />
    </RootComponents>
    <MissingDependencies>
      <MissingDependency>
        <Required type="1" schemaName="msdyncrm_marketingform" displayName="Marketing form" solution="MicrosoftDynamics_Marketing (1.95.2014.0)">
          <package>MicrosoftDynamics_MktCompleteAnchorSolution (1.95.2014.0)</package>
        </Required>
        <Dependent type="29" displayName="Update all child form styling with external API" id="{4a217307-b104-ee11-8f6e-000d3a09d9ea}" />
      </MissingDependency>
      <MissingDependency>
        <Required type="1" schemaName="msdyncrm_marketingform" displayName="Marketing form" solution="MicrosoftDynamics_Marketing (1.95.2014.0)">
          <package>MicrosoftDynamics_MktCompleteAnchorSolution (1.95.2014.0)</package>
        </Required>
        <Dependent type="29" displayName="Update all child form styling" id="{75e59b66-3239-ed11-9db0-002248d53d53}" />
      </MissingDependency>
    </MissingDependencies>
  </SolutionManifest>
</ImportExportXml>