{
  "properties": {
    "connectionReferences": {
      "shared_commondataservice": {
        "runtimeSource": "invoker",
        "connection": {
          "connectionReferenceLogicalName": "bsi_sharedcommondataservice_88f89"
        },
        "api": {
          "name": "shared_commondataservice"
        }
      },
      "shared_commondataserviceforapps": {
        "runtimeSource": "embedded",
        "connection": {
          "connectionReferenceLogicalName": "bsi_sharedcommondataserviceforapps_8c6fa"
        },
        "api": {
          "name": "shared_commondataserviceforapps"
        }
      }
    },
    "definition": {
      "$schema": "https://schema.management.azure.com/providers/Microsoft.Logic/schemas/2016-06-01/workflowdefinition.json#",
      "contentVersion": "1.0.0.0",
      "parameters": {
        "$connections": {
          "defaultValue": {},
          "type": "Object"
        },
        "$authentication": {
          "defaultValue": {},
          "type": "SecureObject"
        },
        "API Root URL (bsi_APIRootURL)": {
          "defaultValue": "https://api-utils-zeta.vercel.app",
          "type": "String",
          "metadata": {
            "schemaName": "bsi_APIRootURL"
          }
        },
        "API Secret (bsi_APISecret)": {
          "defaultValue": "m07tGBm7LAMLaLfiwzhPxq10rqH6vYj3",
          "type": "String",
          "metadata": {
            "schemaName": "bsi_APISecret"
          }
        }
      },
      "triggers": {
        "manual": {
          "splitOn": "@triggerBody()['rows']",
          "metadata": {
            "operationMetadataId": "a39882a5-bf27-441f-bdba-e63fa2085e7e"
          },
          "type": "Request",
          "kind": "ApiConnection",
          "inputs": {
            "schema": {
              "type": "object",
              "properties": {
                "rows": {
                  "type": "array",
                  "items": {
                    "type": "object",
                    "properties": {
                      "entity": {
                        "type": "object",
                        "properties": {
                          "msdyncrm_marketingformtemplateid": {
                            "title": "Marketing form template",
                            "type": "string",
                            "format": "guid"
                          },
                          "msdyncrm_formdefinition": {
                            "title": "Form definition",
                            "type": "string"
                          }
                        },
                        "required": [
                          "msdyncrm_marketingformtemplateid",
                          "msdyncrm_formdefinition"
                        ]
                      }
                    },
                    "required": [
                      "entity"
                    ]
                  }
                }
              },
              "required": [
                "rows"
              ]
            },
            "host": {
              "connection": {
                "name": "@parameters('$connections')['shared_commondataservice']['connectionId']"
              }
            },
            "operationId": "GetOnNewItems_V2",
            "parameters": {
              "dataset": "default.cds",
              "table": "msdyncrm_marketingformtemplates"
            }
          }
        }
      },
      "actions": {
        "List_rows": {
          "runAfter": {},
          "metadata": {
            "operationMetadataId": "21617a1a-af9e-427c-b8c8-b345eec0f69c"
          },
          "type": "OpenApiConnection",
          "inputs": {
            "host": {
              "connectionName": "shared_commondataserviceforapps",
              "operationId": "ListRecords",
              "apiId": "/providers/Microsoft.PowerApps/apis/shared_commondataserviceforapps"
            },
            "parameters": {
              "entityName": "msdyncrm_marketingforms",
              "$filter": "_msdyncrm_marketingformtemplate_value eq '@{triggerBody()?['entity']?['msdyncrm_marketingformtemplateid']}'"
            },
            "authentication": {
              "type": "Raw",
              "value": "@json(decodeBase64(triggerOutputs().headers['X-MS-APIM-Tokens']))['$ConnectionKey']"
            }
          }
        },
        "Apply_to_each": {
          "foreach": "@outputs('List_rows')?['body/value']",
          "actions": {
            "Update_a_row": {
              "runAfter": {
                "POST_request_to_external_API_regexSubstitute": [
                  "Succeeded"
                ]
              },
              "metadata": {
                "operationMetadataId": "e45e053d-4496-43b6-9f17-f1fd45a1b1b2"
              },
              "type": "OpenApiConnection",
              "inputs": {
                "host": {
                  "connectionName": "shared_commondataserviceforapps",
                  "operationId": "UpdateRecord",
                  "apiId": "/providers/Microsoft.PowerApps/apis/shared_commondataserviceforapps"
                },
                "parameters": {
                  "entityName": "msdyncrm_marketingforms",
                  "recordId": "@items('Apply_to_each')?['msdyncrm_marketingformid']",
                  "item/msdyncrm_formdefinition": "@body('POST_request_to_external_API_regexSubstitute')?['result']"
                },
                "authentication": {
                  "type": "Raw",
                  "value": "@json(decodeBase64(triggerOutputs().headers['X-MS-APIM-Tokens']))['$ConnectionKey']"
                }
              }
            },
            "POST_request_to_external_API_regexSubstitute": {
              "runAfter": {},
              "metadata": {
                "operationMetadataId": "7537a644-47f3-403c-b12f-53bdb8a6ba7e"
              },
              "type": "Http",
              "inputs": {
                "method": "POST",
                "uri": "@{parameters('API Root URL (bsi_APIRootURL)')}/api/regex-substitute",
                "headers": {
                  "Content-type": "application/json",
                  "access-token": "@parameters('API Secret (bsi_APISecret)')"
                },
                "body": {
                  "searchString": "@items('Apply_to_each')?['msdyncrm_formdefinition']",
                  "regexPattern": "(<style[\\w\\W]+style>)",
                  "regexFlags": "g",
                  "replaceString": "@{body('POST_request_to_external_API_regexMatch')?['result']}"
                }
              }
            }
          },
          "runAfter": {
            "POST_request_to_external_API_regexMatch": [
              "Succeeded"
            ]
          },
          "metadata": {
            "operationMetadataId": "c11e6b64-500b-48ad-9278-0110a4b94a53"
          },
          "type": "Foreach"
        },
        "POST_request_to_external_API_regexMatch": {
          "runAfter": {
            "List_rows": [
              "Succeeded"
            ]
          },
          "metadata": {
            "operationMetadataId": "6a262e32-5952-459d-839e-992554916228"
          },
          "type": "Http",
          "inputs": {
            "method": "POST",
            "uri": "@{parameters('API Root URL (bsi_APIRootURL)')}/api/regex-match",
            "headers": {
              "Content-type": "application/json",
              "access-token": "@parameters('API Secret (bsi_APISecret)')"
            },
            "body": {
              "searchString": "@triggerBody()?['entity']?['msdyncrm_formdefinition']",
              "regexPattern": "(<style[\\w\\W]+style>)",
              "regexFlags": "g"
            }
          }
        }
      },
      "outputs": {}
    },
    "templateName": ""
  },
  "schemaVersion": "1.0.0.0"
}