{
  "properties": {
    "connectionReferences": {
      "shared_commondataservice": {
        "runtimeSource": "invoker",
        "connection": {
          "connectionReferenceLogicalName": "bsi_sharedcommondataservice_88f89"
        },
        "api": {
          "name": "shared_commondataservice"
        }
      },
      "shared_commondataserviceforapps": {
        "runtimeSource": "embedded",
        "connection": {
          "connectionReferenceLogicalName": "bsi_sharedcommondataserviceforapps_8c6fa"
        },
        "api": {
          "name": "shared_commondataserviceforapps"
        }
      },
      "shared_excelonlinebusiness": {
        "runtimeSource": "invoker",
        "connection": {
          "connectionReferenceLogicalName": "bsi_sharedexcelonlinebusiness_8843f"
        },
        "api": {
          "name": "shared_excelonlinebusiness"
        }
      }
    },
    "definition": {
      "$schema": "https://schema.management.azure.com/providers/Microsoft.Logic/schemas/2016-06-01/workflowdefinition.json#",
      "contentVersion": "1.0.0.0",
      "parameters": {
        "$connections": {
          "defaultValue": {},
          "type": "Object"
        },
        "$authentication": {
          "defaultValue": {},
          "type": "SecureObject"
        }
      },
      "triggers": {
        "manual": {
          "splitOn": "@triggerBody()['rows']",
          "metadata": {
            "operationMetadataId": "a39882a5-bf27-441f-bdba-e63fa2085e7e"
          },
          "type": "Request",
          "kind": "ApiConnection",
          "inputs": {
            "schema": {
              "type": "object",
              "properties": {
                "rows": {
                  "type": "array",
                  "items": {
                    "type": "object",
                    "properties": {
                      "entity": {
                        "type": "object",
                        "properties": {
                          "msdyncrm_marketingformtemplateid": {
                            "title": "Marketing form template",
                            "type": "string",
                            "format": "guid"
                          },
                          "msdyncrm_formdefinition": {
                            "title": "Form definition",
                            "type": "string"
                          }
                        },
                        "required": [
                          "msdyncrm_marketingformtemplateid",
                          "msdyncrm_formdefinition"
                        ]
                      }
                    },
                    "required": [
                      "entity"
                    ]
                  }
                }
              },
              "required": [
                "rows"
              ]
            },
            "host": {
              "connection": {
                "name": "@parameters('$connections')['shared_commondataservice']['connectionId']"
              }
            },
            "operationId": "GetOnNewItems_V2",
            "parameters": {
              "dataset": "default.cds",
              "table": "msdyncrm_marketingformtemplates"
            }
          }
        }
      },
      "actions": {
        "List_rows": {
          "runAfter": {},
          "metadata": {
            "operationMetadataId": "21617a1a-af9e-427c-b8c8-b345eec0f69c"
          },
          "type": "OpenApiConnection",
          "inputs": {
            "host": {
              "connectionName": "shared_commondataserviceforapps",
              "operationId": "ListRecords",
              "apiId": "/providers/Microsoft.PowerApps/apis/shared_commondataserviceforapps"
            },
            "parameters": {
              "entityName": "msdyncrm_marketingforms",
              "$filter": "_msdyncrm_marketingformtemplate_value eq '@{triggerBody()?['entity']?['msdyncrm_marketingformtemplateid']}'"
            },
            "authentication": {
              "type": "Raw",
              "value": "@json(decodeBase64(triggerOutputs().headers['X-MS-APIM-Tokens']))['$ConnectionKey']"
            }
          }
        },
        "Apply_to_each": {
          "foreach": "@outputs('List_rows')?['body/value']",
          "actions": {
            "Run_script": {
              "runAfter": {},
              "metadata": {
                "01URDXOLX2TPZYOMEJGVEYH77ICVY2LUAJ": "/Book.xlsx",
                "operationMetadataId": "62dd8378-ba3a-4d35-b802-136539fd7493",
                "tableId": null
              },
              "type": "OpenApiConnection",
              "inputs": {
                "host": {
                  "connectionName": "shared_excelonlinebusiness",
                  "operationId": "RunScriptProd",
                  "apiId": "/providers/Microsoft.PowerApps/apis/shared_excelonlinebusiness"
                },
                "parameters": {
                  "source": "me",
                  "drive": "b!Gjc4C8aKj0Ok7aj0bihEO1sG-rheWNhEnQv66w6AVc342Gcdt8PJRrinTnIU8EMv",
                  "file": "01URDXOLX2TPZYOMEJGVEYH77ICVY2LUAJ",
                  "scriptId": "ms-officescript%3A%2F%2Fonedrive_business_itemlink%2F01URDXOLXPXANQZMJ4SRBZ4SYYBUXMHUQV",
                  "ScriptParameters/searchString": "@items('Apply_to_each')?['msdyncrm_formdefinition']",
                  "ScriptParameters/regexPattern": "(<style[\\w\\W]+style>)",
                  "ScriptParameters/regexFlags": "g",
                  "ScriptParameters/replaceString": "@outputs('Get_form_template_style')?['body/result']"
                },
                "authentication": {
                  "type": "Raw",
                  "value": "@json(decodeBase64(triggerOutputs().headers['X-MS-APIM-Tokens']))['$ConnectionKey']"
                }
              }
            },
            "Compose": {
              "runAfter": {
                "Run_script": [
                  "Succeeded"
                ]
              },
              "metadata": {
                "operationMetadataId": "fe0b1867-d3bc-4ff4-bc58-97565d709816"
              },
              "type": "Compose",
              "inputs": "@outputs('Run_script')?['body/result']"
            },
            "Update_a_row": {
              "runAfter": {
                "Compose": [
                  "Succeeded"
                ]
              },
              "metadata": {
                "operationMetadataId": "e45e053d-4496-43b6-9f17-f1fd45a1b1b2"
              },
              "type": "OpenApiConnection",
              "inputs": {
                "host": {
                  "connectionName": "shared_commondataserviceforapps",
                  "operationId": "UpdateRecord",
                  "apiId": "/providers/Microsoft.PowerApps/apis/shared_commondataserviceforapps"
                },
                "parameters": {
                  "entityName": "msdyncrm_marketingforms",
                  "recordId": "@items('Apply_to_each')?['msdyncrm_marketingformid']",
                  "item/msdyncrm_formdefinition": "@outputs('Run_script')?['body/result']"
                },
                "authentication": {
                  "type": "Raw",
                  "value": "@json(decodeBase64(triggerOutputs().headers['X-MS-APIM-Tokens']))['$ConnectionKey']"
                }
              }
            }
          },
          "runAfter": {
            "Get_form_template_style": [
              "Succeeded"
            ]
          },
          "metadata": {
            "operationMetadataId": "c11e6b64-500b-48ad-9278-0110a4b94a53"
          },
          "type": "Foreach"
        },
        "Get_form_template_style": {
          "runAfter": {
            "List_rows": [
              "Succeeded"
            ]
          },
          "metadata": {
            "01URDXOLX2TPZYOMEJGVEYH77ICVY2LUAJ": "/Book.xlsx",
            "operationMetadataId": "f5c78a48-7dd8-4ae2-8869-a90e6a480be1",
            "tableId": null
          },
          "type": "OpenApiConnection",
          "inputs": {
            "host": {
              "connectionName": "shared_excelonlinebusiness",
              "operationId": "RunScriptProd",
              "apiId": "/providers/Microsoft.PowerApps/apis/shared_excelonlinebusiness"
            },
            "parameters": {
              "source": "me",
              "drive": "b!Gjc4C8aKj0Ok7aj0bihEO1sG-rheWNhEnQv66w6AVc342Gcdt8PJRrinTnIU8EMv",
              "file": "01URDXOLX2TPZYOMEJGVEYH77ICVY2LUAJ",
              "scriptId": "ms-officescript%3A%2F%2Fonedrive_business_itemlink%2F01URDXOLRDLDGUHWCP55HJKPF4VWHB36TF",
              "ScriptParameters/searchString": "@triggerBody()?['entity']?['msdyncrm_formdefinition']",
              "ScriptParameters/regexPattern": "(<style[\\w\\W]+style>)",
              "ScriptParameters/regexFlags": "g"
            },
            "authentication": {
              "type": "Raw",
              "value": "@json(decodeBase64(triggerOutputs().headers['X-MS-APIM-Tokens']))['$ConnectionKey']"
            }
          }
        }
      },
      "outputs": {}
    },
    "templateName": null
  },
  "schemaVersion": "1.0.0.0"
}